rom-rb,rom,387,[WIP] Move mapper logic into rom-mapper,,,GustavoCaso,4672858,https://avatars0.githubusercontent.com/u/4672858?v=3
rom-rb,rom,386,Update dry-initializer to 1.3,2017-03-13T13:16:32Z,2017-03-13T13:16:32Z,flash-gordon,802486,https://avatars3.githubusercontent.com/u/802486?v=3
rom-rb,rom,384,Instrumentation plugin,2017-03-01T10:49:02Z,2017-03-01T10:49:02Z,solnic,1066,https://avatars1.githubusercontent.com/u/1066?v=3
rom-rb,rom,379,Allow multiple before/after hooks to be specified,2017-01-23T20:52:15Z,,cflipse,3754,https://avatars0.githubusercontent.com/u/3754?v=3
rom-rb,rom,378,WIP: Add interface to pass config options from relation to dataset,2017-01-16T01:05:43Z,,maximderbin,2700538,https://avatars0.githubusercontent.com/u/2700538?v=3
rom-rb,rom,377,Add support for defining schema types for reading data,2017-01-18T12:55:10Z,2017-01-18T12:55:10Z,solnic,1066,https://avatars1.githubusercontent.com/u/1066?v=3
rom-rb,rom,375,Add Gateway#transaction,2017-01-08T10:11:52Z,2017-01-08T10:11:52Z,flash-gordon,802486,https://avatars3.githubusercontent.com/u/802486?v=3
rom-rb,rom,374,Add before/after command hooks,2017-01-06T12:15:02Z,2017-01-06T12:15:02Z,solnic,1066,https://avatars1.githubusercontent.com/u/1066?v=3
rom-rb,rom,373,Use Dry::Core::ClassAttributes instead of ROM::Support::ClassMacros,2016-12-30T12:37:01Z,2016-12-30T12:37:01Z,solnic,1066,https://avatars1.githubusercontent.com/u/1066?v=3
rom-rb,rom,372,Replace ROM::Options with dry-initializer,2017-01-02T12:20:21Z,2017-01-02T12:20:21Z,flash-gordon,802486,https://avatars3.githubusercontent.com/u/802486?v=3
rom-rb,rom,371,Update dry-types dependency to 0.9,2016-12-22T05:07:26Z,,timriley,3134,https://avatars3.githubusercontent.com/u/3134?v=3
rom-rb,rom,369,Feature: schema projection api,2016-12-19T11:33:23Z,2016-12-19T11:33:23Z,solnic,1066,https://avatars1.githubusercontent.com/u/1066?v=3
rom-rb,rom,368,Feature/schema type api,2016-12-10T13:36:06Z,2016-12-10T13:36:06Z,solnic,1066,https://avatars1.githubusercontent.com/u/1066?v=3
rom-rb,rom,367,feature: schemas in view definitions,2016-12-09T23:49:44Z,2016-12-09T23:49:44Z,solnic,1066,https://avatars1.githubusercontent.com/u/1066?v=3
rom-rb,rom,365,Move modules from rom-support to rom,2016-12-07T12:00:55Z,2016-12-07T12:00:55Z,flash-gordon,802486,https://avatars3.githubusercontent.com/u/802486?v=3
rom-rb,rom,364,Remove usage of ROM::Support::Publisher,2016-12-07T07:06:41Z,2016-12-07T07:06:41Z,flash-gordon,802486,https://avatars3.githubusercontent.com/u/802486?v=3
rom-rb,rom,363,Add dry-core as a dependency,2016-12-04T11:20:22Z,2016-12-04T11:20:22Z,flash-gordon,802486,https://avatars3.githubusercontent.com/u/802486?v=3
rom-rb,rom,354,Added ability to define custom namespace with String,2016-09-23T05:07:42Z,2016-09-23T05:07:42Z,janjiss,600203,https://avatars2.githubusercontent.com/u/600203?v=3
rom-rb,rom,351,Allow a relation with a schema be in multiple containers,2016-08-13T20:13:24Z,2016-08-13T20:13:24Z,flash-gordon,802486,https://avatars3.githubusercontent.com/u/802486?v=3
rom-rb,rom,350,Allow for configurable component_dirs in auto_registration setup,2016-08-12T13:56:22Z,2016-08-12T13:56:22Z,AMHOL,1582784,https://avatars2.githubusercontent.com/u/1582784?v=3
rom-rb,rom,347,Use a simple struct for relation name,2016-07-09T13:10:54Z,2016-07-09T13:10:54Z,flash-gordon,802486,https://avatars3.githubusercontent.com/u/802486?v=3
rom-rb,rom,346,Replace thread_safe with concurrent-ruby in memory storage,2016-06-12T11:53:52Z,2016-06-12T11:53:52Z,flash-gordon,802486,https://avatars3.githubusercontent.com/u/802486?v=3
rom-rb,rom,345,Support automatic schema inferring,2016-05-22T21:26:50Z,2016-05-22T21:26:50Z,flash-gordon,802486,https://avatars3.githubusercontent.com/u/802486?v=3
rom-rb,rom,343,Command #call supports a block,2016-04-18T10:27:09Z,2016-04-18T10:27:09Z,kwando,891566,https://avatars3.githubusercontent.com/u/891566?v=3
rom-rb,rom,342,Improve error when command is not defined,2016-04-12T12:57:53Z,2016-04-12T12:57:53Z,thiagoa,746384,https://avatars2.githubusercontent.com/u/746384?v=3
rom-rb,rom,340,add more info about the sql adapter,2016-04-30T14:08:14Z,2016-04-30T14:08:14Z,muescha,184316,https://avatars0.githubusercontent.com/u/184316?v=3
rom-rb,rom,338,Make auto-registration use namespace value,2016-09-23T05:08:58Z,,tristil,15716,https://avatars1.githubusercontent.com/u/15716?v=3
rom-rb,rom,337,fix Container#disconnect calling each_key instead of each_value on ga…,2016-03-07T17:29:51Z,2016-03-07T17:29:51Z,endash,20806,https://avatars0.githubusercontent.com/u/20806?v=3
rom-rb,rom,336,"Enable DSL macros (relation, mappers, commands) by default and deprecate",2016-02-20T16:26:32Z,2016-02-20T16:26:32Z,endash,20806,https://avatars0.githubusercontent.com/u/20806?v=3
rom-rb,rom,334,Make @directory a Pathname always,2016-01-26T18:05:29Z,2016-01-26T18:05:29Z,adz,41101,https://avatars3.githubusercontent.com/u/41101?v=3
rom-rb,rom,331,Move actual register calls into AutoRegistration class via new method…,2016-11-11T13:14:54Z,,endash,20806,https://avatars0.githubusercontent.com/u/20806?v=3
rom-rb,rom,330,Add accessors for ROM.env along with deprecation announcement with in…,2015-11-20T21:34:16Z,2015-11-20T21:34:16Z,endash,20806,https://avatars0.githubusercontent.com/u/20806?v=3
rom-rb,rom,328,Add `#migrator` to `Gateway`,2015-11-22T19:19:17Z,,nepalez,1526628,https://avatars1.githubusercontent.com/u/1526628?v=3
rom-rb,rom,327,"Refactor of Environment, Setup, etc.",2015-11-20T15:08:33Z,2015-11-20T15:08:33Z,endash,20806,https://avatars0.githubusercontent.com/u/20806?v=3
rom-rb,rom,326,WIP Dynamic gateways,2015-10-27T23:00:20Z,,sagmor,4744,https://avatars0.githubusercontent.com/u/4744?v=3
rom-rb,rom,323,Add a simple DSL for building a command graph,2015-10-27T16:34:38Z,2015-10-27T16:34:38Z,solnic,1066,https://avatars1.githubusercontent.com/u/1066?v=3
rom-rb,rom,322,Add adapter setting to Gateway,2015-10-01T14:36:21Z,2015-10-01T14:36:21Z,nepalez,1526628,https://avatars1.githubusercontent.com/u/1526628?v=3
rom-rb,rom,321,Use tr instead of gsub,2015-09-26T17:03:43Z,2015-09-26T17:03:43Z,pxlpnk,164718,https://avatars0.githubusercontent.com/u/164718?v=3
rom-rb,rom,320,Kill several mutants @ Relation & Gateway,2015-10-03T16:34:18Z,2015-10-03T16:34:18Z,dcarral,1498567,https://avatars2.githubusercontent.com/u/1498567?v=3
rom-rb,rom,319,Kill 16 alive mutants @ ROM::Relation,2015-09-29T11:20:48Z,2015-09-29T11:20:48Z,dcarral,1498567,https://avatars2.githubusercontent.com/u/1498567?v=3
rom-rb,rom,318,Rubocop automatic fixes,2015-09-29T11:22:45Z,2015-09-29T11:22:45Z,pvcarrera,1030390,https://avatars0.githubusercontent.com/u/1030390?v=3
rom-rb,rom,313,[REPRO] set up failing acceptance spec for update commands,2015-10-15T08:40:53Z,2015-10-15T08:40:53Z,cflipse,3754,https://avatars0.githubusercontent.com/u/3754?v=3
rom-rb,rom,310,Add success? and failure? to ROM::Commands::Result,2015-09-15T08:55:57Z,2015-09-15T08:55:57Z,Snuff,2530710,https://avatars3.githubusercontent.com/u/2530710?v=3
rom-rb,rom,309,Fix rom-model URL in README,2015-08-29T14:33:49Z,2015-08-29T14:33:49Z,zavan,1722965,https://avatars0.githubusercontent.com/u/1722965?v=3
rom-rb,rom,308,[WIP] Raise error when registering after finalization.,2015-09-29T11:27:34Z,,replaid,52578,https://avatars1.githubusercontent.com/u/52578?v=3
rom-rb,rom,304,Add if option to auto_registration,2015-08-16T09:45:18Z,2015-08-16T09:45:18Z,AMHOL,1582784,https://avatars2.githubusercontent.com/u/1582784?v=3
rom-rb,rom,302,Support config via setup,2015-08-13T15:47:10Z,2015-08-13T15:47:10Z,solnic,1066,https://avatars1.githubusercontent.com/u/1066?v=3
rom-rb,rom,298,Updates for rom-mapper & rom-support,2015-08-09T20:59:18Z,2015-08-09T20:59:18Z,AMHOL,1582784,https://avatars2.githubusercontent.com/u/1582784?v=3
rom-rb,rom,297,Remove ROM::Mapper and use rom-mapper gem,2015-08-09T19:10:22Z,2015-08-09T19:10:22Z,AMHOL,1582784,https://avatars2.githubusercontent.com/u/1582784?v=3
rom-rb,rom,296,Rename ROM::Env to ROM::Container,2015-08-07T20:51:49Z,2015-08-07T20:51:49Z,AMHOL,1582784,https://avatars2.githubusercontent.com/u/1582784?v=3
rom-rb,rom,295,Merge lazy into relation,2015-08-08T11:34:23Z,2015-08-08T11:34:23Z,solnic,1066,https://avatars1.githubusercontent.com/u/1066?v=3
rom-rb,rom,291,README: link Guides properly,2015-07-23T15:22:59Z,2015-07-23T15:22:59Z,chastell,56633,https://avatars1.githubusercontent.com/u/56633?v=3
rom-rb,rom,289,Add Environment plugins (and auto registration plugin),2015-07-27T08:32:18Z,2015-07-27T08:32:18Z,AMHOL,1582784,https://avatars2.githubusercontent.com/u/1582784?v=3
rom-rb,rom,288,ROM::Global => ROM::Environment (multi-env),2015-08-07T21:31:19Z,2015-08-07T21:31:18Z,AMHOL,1582784,https://avatars2.githubusercontent.com/u/1582784?v=3
rom-rb,rom,284,Transproc processor refactoring,2015-09-29T11:26:36Z,,martinciu,34633,https://avatars2.githubusercontent.com/u/34633?v=3
rom-rb,rom,283,Fix memory's create/delete unit tests,2015-06-22T20:45:53Z,2015-06-22T20:45:53Z,errinlarsen,10176,https://avatars2.githubusercontent.com/u/10176?v=3
rom-rb,rom,281,Removed support for grouping under the same name as one of keys,2015-06-21T21:55:17Z,2015-06-21T21:55:17Z,nepalez,1526628,https://avatars1.githubusercontent.com/u/1526628?v=3
rom-rb,rom,280,Add CODE_OF_CONDUCT.md,2015-06-19T13:02:44Z,2015-06-19T13:02:44Z,solnic,1066,https://avatars1.githubusercontent.com/u/1066?v=3
rom-rb,rom,278,Cleanup a few rubocop offenses,2015-06-16T16:27:57Z,2015-06-16T16:27:57Z,errinlarsen,10176,https://avatars2.githubusercontent.com/u/10176?v=3
rom-rb,rom,270,Update mutant dependency,2015-06-13T20:37:46Z,,mbj,117966,https://avatars2.githubusercontent.com/u/117966?v=3
rom-rb,rom,268,Support `exclude` attribute from root,2015-06-04T20:21:18Z,2015-06-04T20:21:18Z,nepalez,1526628,https://avatars1.githubusercontent.com/u/1526628?v=3
rom-rb,rom,267,steps,2015-06-04T15:54:24Z,2015-06-04T15:54:24Z,dekz,27389,https://avatars3.githubusercontent.com/u/27389?v=3
rom-rb,rom,264,Update prefixing,2015-06-02T10:57:54Z,2015-06-02T10:57:54Z,nepalez,1526628,https://avatars1.githubusercontent.com/u/1526628?v=3
rom-rb,rom,261,Use Types hash and get rid of massive if tree,2015-06-02T08:19:39Z,2015-06-02T08:19:39Z,AMHOL,1582784,https://avatars2.githubusercontent.com/u/1582784?v=3
rom-rb,rom,260,Fix `unwrap` to deal with deep nesting,2015-06-01T20:28:24Z,2015-06-01T20:28:24Z,nepalez,1526628,https://avatars1.githubusercontent.com/u/1526628?v=3
rom-rb,rom,259,Fix `unwrap` to allow renaming the rest of wrapped attribute,2015-06-01T16:22:34Z,2015-06-01T16:22:34Z,nepalez,1526628,https://avatars1.githubusercontent.com/u/1526628?v=3
rom-rb,rom,258,Nested operations,2015-06-01T13:07:53Z,2015-06-01T13:07:53Z,nepalez,1526628,https://avatars1.githubusercontent.com/u/1526628?v=3
rom-rb,rom,252,Update fold,2015-05-30T09:18:29Z,2015-05-30T09:18:29Z,nepalez,1526628,https://avatars1.githubusercontent.com/u/1526628?v=3
rom-rb,rom,248,Fix nested mappers when used with #embedded and type: hash,2015-05-29T16:02:54Z,2015-05-29T16:02:54Z,c0,338738,https://avatars2.githubusercontent.com/u/338738?v=3
rom-rb,rom,247,Add Commands::Graph.build and extend `Env#command` to support it,2015-06-01T09:04:18Z,2015-06-01T09:04:18Z,solnic,1066,https://avatars1.githubusercontent.com/u/1066?v=3
rom-rb,rom,246,[WIP] Command Graph,2015-05-29T08:33:20Z,2015-05-29T08:33:20Z,solnic,1066,https://avatars1.githubusercontent.com/u/1066?v=3
rom-rb,rom,245,Raise errors when configuring a mapper ambiguously,2015-06-05T08:42:00Z,2015-06-05T08:42:00Z,vrish88,36475,https://avatars0.githubusercontent.com/u/36475?v=3
rom-rb,rom,243,Rename repository,2015-05-27T09:36:37Z,2015-05-27T09:36:37Z,cflipse,3754,https://avatars0.githubusercontent.com/u/3754?v=3
rom-rb,rom,240,Clean up some Rubocop offenses,2015-06-16T15:30:43Z,,errinlarsen,10176,https://avatars2.githubusercontent.com/u/10176?v=3
rom-rb,rom,239,Add inline docs for `unwrap` mapper operation,2015-05-23T20:51:28Z,2015-05-23T20:51:28Z,nepalez,1526628,https://avatars1.githubusercontent.com/u/1526628?v=3
rom-rb,rom,238,Support combine without a block,2015-05-24T20:05:41Z,2015-05-24T20:05:41Z,kwando,891566,https://avatars3.githubusercontent.com/u/891566?v=3
rom-rb,rom,234,Add 'fold' feature to AttributeDSL,2015-05-22T09:33:08Z,2015-05-22T09:33:08Z,nepalez,1526628,https://avatars1.githubusercontent.com/u/1526628?v=3
rom-rb,rom,233,Extend `#restrict`,2015-05-21T14:29:18Z,2015-05-21T14:29:18Z,gotar,135318,https://avatars2.githubusercontent.com/u/135318?v=3
rom-rb,rom,232,Allow to call `#restrict` with array as value,2015-05-20T11:43:55Z,2015-05-20T11:43:55Z,gotar,135318,https://avatars2.githubusercontent.com/u/135318?v=3
rom-rb,rom,231,Allow grouping attributes with the name of existing field:,2015-05-19T17:44:08Z,2015-05-19T17:44:08Z,nepalez,1526628,https://avatars1.githubusercontent.com/u/1526628?v=3
rom-rb,rom,230,Fixed #order for memory relation,2015-05-23T12:13:45Z,2015-05-23T12:13:45Z,nepalez,1526628,https://avatars1.githubusercontent.com/u/1526628?v=3
rom-rb,rom,229,Allow to define block in mapper attribute,2015-05-19T12:53:48Z,2015-05-19T12:53:48Z,gotar,135318,https://avatars2.githubusercontent.com/u/135318?v=3
rom-rb,rom,228,Reject keys by default,2015-05-24T19:06:08Z,,nepalez,1526628,https://avatars1.githubusercontent.com/u/1526628?v=3
rom-rb,rom,227,Reject keys by default,2015-05-16T17:11:47Z,,nepalez,1526628,https://avatars1.githubusercontent.com/u/1526628?v=3
rom-rb,rom,226,Allow ordering relations with empty fields,2015-05-19T16:42:56Z,,nepalez,1526628,https://avatars1.githubusercontent.com/u/1526628?v=3
rom-rb,rom,225,Allow ordering relations with empty fields,2015-05-15T21:18:21Z,,nepalez,1526628,https://avatars1.githubusercontent.com/u/1526628?v=3
rom-rb,rom,224,Cleanup most rubocop offenses,2015-05-14T18:35:55Z,2015-05-14T18:35:55Z,carlisia,16508,https://avatars3.githubusercontent.com/u/16508?v=3
rom-rb,rom,216,Add `combine` interface to mapping DSL,2015-05-10T19:53:30Z,2015-05-10T19:53:30Z,solnic,1066,https://avatars1.githubusercontent.com/u/1066?v=3
rom-rb,rom,212,Eager loading,2015-05-06T10:33:18Z,2015-05-06T10:33:18Z,solnic,1066,https://avatars1.githubusercontent.com/u/1066?v=3
rom-rb,rom,210,Add ROM::NoAssociationError,2015-04-24T15:57:44Z,,pdswan,71006,https://avatars2.githubusercontent.com/u/71006?v=3
rom-rb,rom,207,waffle.io Badge,2015-04-20T09:39:53Z,2015-04-20T09:39:53Z,waffle-iron,6912981,https://avatars1.githubusercontent.com/u/6912981?v=3
rom-rb,rom,206,Use #eq instead of #match_array to test memory adapter #order,2015-04-18T11:26:56Z,2015-04-18T11:26:56Z,maetl,24809,https://avatars3.githubusercontent.com/u/24809?v=3
rom-rb,rom,201,[TYPO] give => given,2015-04-08T12:09:03Z,2015-04-08T12:09:03Z,AMHOL,1582784,https://avatars2.githubusercontent.com/u/1582784?v=3
rom-rb,rom,198,Add unwrap to mappers,2015-05-14T10:10:32Z,,aflatter,168,https://avatars3.githubusercontent.com/u/168?v=3
rom-rb,rom,196,Fix CommandRegistry#respond_to?,2015-04-04T21:11:31Z,2015-04-04T21:11:31Z,hecrj,518289,https://avatars3.githubusercontent.com/u/518289?v=3
rom-rb,rom,195,Plugin registry,2015-05-05T15:54:29Z,2015-05-05T15:54:29Z,cflipse,3754,https://avatars0.githubusercontent.com/u/3754?v=3
rom-rb,rom,188,Removing complex inflector wrapping,2015-05-23T12:20:06Z,,krainboltgreene,334809,https://avatars2.githubusercontent.com/u/334809?v=3
rom-rb,rom,187,Add support for mapping command results (refs #185),2015-03-28T13:13:57Z,2015-03-28T13:13:57Z,solnic,1066,https://avatars1.githubusercontent.com/u/1066?v=3
rom-rb,rom,186,Support returning entities from commands by passing Class/Array[Class] to result,2015-03-26T10:04:59Z,,AMHOL,1582784,https://avatars2.githubusercontent.com/u/1582784?v=3
rom-rb,rom,177,Use Unsound::Control.try for CommandRegistry#try,2015-09-04T04:00:27Z,,pdswan,71006,https://avatars2.githubusercontent.com/u/71006?v=3
rom-rb,rom,176,Add vendor to .gitignore and remove duplicate Gemfile.lock,2015-03-13T10:20:24Z,2015-03-13T10:20:24Z,AMHOL,1582784,https://avatars2.githubusercontent.com/u/1582784?v=3
rom-rb,rom,175,Allow default arguments in relations,2015-03-12T22:57:59Z,2015-03-12T22:57:59Z,AMHOL,1582784,https://avatars2.githubusercontent.com/u/1582784?v=3
rom-rb,rom,172,Improve LoadError on missing thread_safe gem,2015-03-11T14:03:08Z,2015-03-11T14:03:08Z,tylerhunt,6457,https://avatars1.githubusercontent.com/u/6457?v=3
rom-rb,rom,168,Add hook methods to linter,2015-03-03T12:27:30Z,2015-03-03T12:27:30Z,splattael,28908,https://avatars0.githubusercontent.com/u/28908?v=3
rom-rb,rom,162,Verify benchmarks,2015-02-26T11:08:29Z,,splattael,28908,https://avatars0.githubusercontent.com/u/28908?v=3
rom-rb,rom,160,Lazy-relation API,2015-02-24T19:37:26Z,2015-02-24T19:37:26Z,solnic,1066,https://avatars1.githubusercontent.com/u/1066?v=3
rom-rb,rom,159,Remove `inflecto` from gemspec,2015-02-19T15:40:26Z,2015-02-19T15:40:26Z,mjtko,206834,https://avatars3.githubusercontent.com/u/206834?v=3
rom-rb,rom,158,Hide inflections behind an internal interface,2015-02-17T13:46:18Z,2015-02-17T13:46:18Z,mjtko,206834,https://avatars3.githubusercontent.com/u/206834?v=3
rom-rb,rom,157,Introduce spec specific namespace,2015-02-16T17:55:56Z,2015-02-16T17:55:56Z,splattael,28908,https://avatars0.githubusercontent.com/u/28908?v=3
rom-rb,rom,155,Add Relation::Loaded and use it in rom.relation {},2015-02-18T10:56:46Z,2015-02-18T10:56:46Z,solnic,1066,https://avatars1.githubusercontent.com/u/1066?v=3
rom-rb,rom,152,Add basic docs for linters,2015-02-12T15:34:52Z,2015-02-12T15:34:52Z,maetl,24809,https://avatars3.githubusercontent.com/u/24809?v=3
rom-rb,rom,150,Add support for setting decorators for a reader,2015-02-14T13:31:07Z,,solnic,1066,https://avatars1.githubusercontent.com/u/1066?v=3
rom-rb,rom,149,Add Result#and_then and Result#or_else as per #104,2015-09-04T03:14:14Z,,pdswan,71006,https://avatars2.githubusercontent.com/u/71006?v=3
rom-rb,rom,146,bubble up nested values,2015-02-08T15:13:39Z,2015-02-08T15:13:39Z,gotar,135318,https://avatars2.githubusercontent.com/u/135318?v=3
rom-rb,rom,145,[WIP] Remove descendants tracking,2015-06-23T23:03:40Z,,aflatter,168,https://avatars3.githubusercontent.com/u/168?v=3
rom-rb,rom,144,WIP composable commands,2015-02-07T13:42:16Z,2015-02-07T13:42:16Z,solnic,1066,https://avatars1.githubusercontent.com/u/1066?v=3
rom-rb,rom,140,"Can register relations under a custom name, defaults to base_name",2015-02-04T22:05:56Z,2015-02-04T22:05:56Z,mcls,714734,https://avatars0.githubusercontent.com/u/714734?v=3
rom-rb,rom,139,use class_name as default name if base_name not provided,2015-02-01T15:43:33Z,2015-02-01T15:43:32Z,gotar,135318,https://avatars2.githubusercontent.com/u/135318?v=3
rom-rb,rom,133,Improved setup with subclassing,2015-01-29T17:55:04Z,2015-01-29T17:55:04Z,solnic,1066,https://avatars1.githubusercontent.com/u/1066?v=3
rom-rb,rom,127,No need to send Module#include as it is public,2015-01-19T18:41:10Z,,splattael,28908,https://avatars0.githubusercontent.com/u/28908?v=3
rom-rb,rom,125,Repository adapter registration,2015-01-24T21:31:18Z,,elskwid,9002,https://avatars1.githubusercontent.com/u/9002?v=3
rom-rb,rom,123,Add ability to provide a mapper name in Env#read,2015-01-20T12:10:06Z,2015-01-20T12:10:06Z,solnic,1066,https://avatars1.githubusercontent.com/u/1066?v=3
rom-rb,rom,121,Move ROM::Adapter::Memory to ROM::Memory,2015-01-16T14:11:58Z,2015-01-16T14:11:58Z,aflatter,168,https://avatars3.githubusercontent.com/u/168?v=3
rom-rb,rom,120,Make repository type explicit,2015-01-24T21:37:35Z,2015-01-24T21:37:35Z,aflatter,168,https://avatars3.githubusercontent.com/u/168?v=3
rom-rb,rom,119,Update README rom-csv link,2015-01-16T10:40:34Z,2015-01-16T10:40:34Z,Hakon,112802,https://avatars3.githubusercontent.com/u/112802?v=3
rom-rb,rom,118,Remove ROM::Config,2015-01-16T11:25:28Z,2015-01-16T11:25:28Z,aflatter,168,https://avatars3.githubusercontent.com/u/168?v=3
rom-rb,rom,117,Replace Adapter with Repository,2015-01-15T17:37:50Z,2015-01-15T17:37:50Z,solnic,1066,https://avatars1.githubusercontent.com/u/1066?v=3
rom-rb,rom,112,Use more Ruby for basic linter,2015-01-22T11:21:35Z,2015-01-22T11:21:35Z,splattael,28908,https://avatars0.githubusercontent.com/u/28908?v=3
rom-rb,rom,110,Make storage in memory adapter thread safe,2015-01-14T11:39:36Z,2015-01-14T11:39:36Z,splattael,28908,https://avatars0.githubusercontent.com/u/28908?v=3
rom-rb,rom,106,Remove schema DSL,2015-01-13T21:14:03Z,2015-01-13T21:14:03Z,solnic,1066,https://avatars1.githubusercontent.com/u/1066?v=3
rom-rb,rom,99,Simplify #repository in BaseRelationDsl,2015-01-12T16:42:57Z,2015-01-12T16:42:57Z,aflatter,168,https://avatars3.githubusercontent.com/u/168?v=3
rom-rb,rom,98,Remove unused `connection` from Repository,2015-01-12T16:40:07Z,2015-01-12T16:40:07Z,aflatter,168,https://avatars3.githubusercontent.com/u/168?v=3
rom-rb,rom,97,Add one and one! to Reader,2015-01-12T18:44:16Z,2015-01-12T18:44:16Z,aflatter,168,https://avatars3.githubusercontent.com/u/168?v=3
rom-rb,rom,96,WIP: Extract lint test into common format,2015-01-14T19:32:12Z,,splattael,28908,https://avatars0.githubusercontent.com/u/28908?v=3
rom-rb,rom,91,Adapter interface improvements,2015-01-06T15:40:23Z,2015-01-06T15:40:23Z,solnic,1066,https://avatars1.githubusercontent.com/u/1066?v=3
rom-rb,rom,90,Cleanup Guardfile,2015-01-04T13:03:31Z,2015-01-04T13:03:31Z,splattael,28908,https://avatars0.githubusercontent.com/u/28908?v=3
rom-rb,rom,89,Refactor several `method_missing`s to use `fetch` along with `super`,2015-01-04T13:04:04Z,2015-01-04T13:04:04Z,splattael,28908,https://avatars0.githubusercontent.com/u/28908?v=3
rom-rb,rom,87,Improve JRuby's startup time on Travis,2015-01-03T22:17:24Z,2015-01-03T22:17:24Z,splattael,28908,https://avatars0.githubusercontent.com/u/28908?v=3
rom-rb,rom,85,Refactor Options module,2015-01-03T19:23:10Z,2015-01-03T19:23:10Z,splattael,28908,https://avatars0.githubusercontent.com/u/28908?v=3
rom-rb,rom,84,Pass command to block in CommandRegistry#try,2015-01-03T16:24:38Z,2015-01-03T16:24:38Z,splattael,28908,https://avatars0.githubusercontent.com/u/28908?v=3
rom-rb,rom,79,Manage extra development via Gemfile.dev,2014-12-30T00:22:42Z,,splattael,28908,https://avatars0.githubusercontent.com/u/28908?v=3
rom-rb,rom,77,Refactor namespace determination in ModelBuilder,2014-12-22T16:09:12Z,2014-12-22T16:09:12Z,splattael,28908,https://avatars0.githubusercontent.com/u/28908?v=3
rom-rb,rom,76,RuboCop support,2014-12-20T19:45:13Z,2014-12-20T19:45:13Z,chastell,56633,https://avatars1.githubusercontent.com/u/56633?v=3
rom-rb,rom,75,Remove a warning,2014-12-16T11:28:03Z,2014-12-16T11:28:03Z,namusyaka,309329,https://avatars3.githubusercontent.com/u/309329?v=3
rom-rb,rom,73,Update README.md,2014-12-11T13:38:53Z,2014-12-11T13:38:53Z,kchien,140809,https://avatars0.githubusercontent.com/u/140809?v=3
rom-rb,rom,70,Update README,2014-11-20T11:22:40Z,2014-11-20T11:22:40Z,solnic,1066,https://avatars1.githubusercontent.com/u/1066?v=3
rom-rb,rom,65,Prepend adapters as they are registered,2014-11-06T16:40:32Z,2014-11-06T16:40:32Z,billdueber,114006,https://avatars3.githubusercontent.com/u/114006?v=3
rom-rb,rom,57,Typo in @modeL_opts,2014-11-03T08:13:06Z,2014-11-03T08:13:06Z,adz,41101,https://avatars3.githubusercontent.com/u/41101?v=3
rom-rb,rom,56,Extend sequel adapter for all supported RDBMS,2014-11-02T22:06:12Z,2014-11-02T22:06:12Z,abernardes,69794,https://avatars2.githubusercontent.com/u/69794?v=3
rom-rb,rom,54,Infer undefined schemas from Sequel adapter,2014-10-30T15:16:34Z,2014-10-30T15:16:34Z,abernardes,69794,https://avatars2.githubusercontent.com/u/69794?v=3
rom-rb,rom,51,"add map_to_model('ClassName', *attributes) to mapper builder",2014-10-27T15:50:37Z,2014-10-27T15:50:37Z,Olefine,1926372,https://avatars2.githubusercontent.com/u/1926372?v=3
rom-rb,rom,41,Rework specs to function under jruby,2014-10-23T18:16:49Z,2014-10-23T18:16:49Z,billdueber,114006,https://avatars3.githubusercontent.com/u/114006?v=3
rom-rb,rom,29,Use rspec expect syntax,2014-10-05T09:59:13Z,2014-10-05T09:59:13Z,lasseebert,728042,https://avatars0.githubusercontent.com/u/728042?v=3
rom-rb,rom,28,Run rspec with bundle exec inside guard,2014-10-05T09:58:45Z,2014-10-05T09:58:45Z,lasseebert,728042,https://avatars0.githubusercontent.com/u/728042?v=3
rom-rb,rom,27,Raise an error if repository is blank,2014-10-21T09:34:33Z,,kirs,522155,https://avatars0.githubusercontent.com/u/522155?v=3
rom-rb,rom,26,Small typo fixed,2014-10-21T09:32:09Z,,kirs,522155,https://avatars0.githubusercontent.com/u/522155?v=3
rom-rb,rom,25,Improves documentation by referring parameter's name,2014-06-05T14:53:15Z,2014-06-05T14:53:15Z,locks,32344,https://avatars2.githubusercontent.com/u/32344?v=3
rom-rb,rom,24,Update docs badge in README,2014-06-05T15:06:02Z,2014-06-05T15:06:02Z,rrrene,311914,https://avatars0.githubusercontent.com/u/311914?v=3
rom-rb,rom,18,[WIP] embedded objects support,2014-04-04T15:32:51Z,2014-04-04T15:32:51Z,solnic,1066,https://avatars1.githubusercontent.com/u/1066?v=3
rom-rb,rom,17,Morpher integration,2014-03-10T17:25:43Z,2014-03-10T17:25:43Z,solnic,1066,https://avatars1.githubusercontent.com/u/1066?v=3
rom-rb,rom,16,[WIP] Morpher integration,2014-03-08T20:55:09Z,,mbj,117966,https://avatars2.githubusercontent.com/u/117966?v=3
rom-rb,rom,14,Add docs badge to README,2014-03-10T17:59:43Z,2014-03-10T17:59:43Z,rrrene,311914,https://avatars0.githubusercontent.com/u/311914?v=3
rom-rb,rom,13,[WIP] Morpher integration,2014-03-07T17:03:15Z,,solnic,1066,https://avatars1.githubusercontent.com/u/1066?v=3
rom-rb,rom,9,Fix typo in README,2013-11-16T03:55:24Z,2013-11-16T03:55:24Z,jgeiger,10274,https://avatars3.githubusercontent.com/u/10274?v=3
rom-rb,rom,7,Fixing typo,2013-10-11T17:02:20Z,2013-10-11T17:02:20Z,jeremyf,2130,https://avatars1.githubusercontent.com/u/2130?v=3
rom-rb,rom,1,fix links in the README.md,2013-06-19T17:30:05Z,2013-06-19T17:30:05Z,senny,5402,https://avatars1.githubusercontent.com/u/5402?v=3
